Date,Price,Open,High,Low,Vol.,Change %
01/12/2021,4766.18,4623.8,4808.52,4494.2,-,0.0436
01/11/2021,4567,4616.47,4743.74,4560.26,-,-0.0083
01/10/2021,4605.38,4324.71,4608.7,4278.7,-,0.0691
01/09/2021,4307.54,4531.04,4544.58,4304.9,-,-0.0476
01/08/2021,4522.68,4415.9,4537.8,4369.2,-,0.029
01/07/2021,4395.26,4304.1,4430.2,4232.8,-,0.0227
01/06/2021,4297.5,4216.52,4302.43,4164.4,-,0.0222
01/05/2021,4204.11,4191.98,4238.04,4056.88,-,0.0055
01/04/2021,4181.17,3992.78,4218.78,3992.78,-,0.0524
01/03/2021,3972.89,3842.51,3994.41,3723.34,-,0.0424
01/02/2021,3811.15,3731.17,3950.43,3725.62,-,0.0261
01/01/2021,3714.24,3764.61,3870.9,3662.71,-,-0.0111
01/12/2020,3756.07,3645.87,3760.2,3633.4,-,0.0371
01/11/2020,3621.63,3296.2,3645.99,3279.74,-,0.1075
01/10/2020,3269.96,3385.87,3549.85,3233.94,-,-0.0277
01/09/2020,3363,3507.44,3588.11,3209.45,-,-0.0392
01/08/2020,3500.31,3288.26,3514.77,3284.53,-,0.0701
01/07/2020,3271.12,3105.92,3279.99,3101.17,-,0.0551
01/06/2020,3100.29,3038.78,3233.13,2965.66,-,0.0184
01/05/2020,3044.31,2869.09,3068.67,2766.64,-,0.0453
01/04/2020,2912.43,2498.08,2954.86,2447.49,-,0.1268
01/03/2020,2584.59,2974.28,3136.72,2191.86,-,-0.1251
01/02/2020,2954.22,3235.66,3393.52,2855.84,-,-0.0841
01/01/2020,3225.52,3244.67,3337.77,3214.64,-,-0.0016
01/12/2019,3230.78,3143.85,3247.93,3070.33,-,0.0286
01/11/2019,3140.98,3050.72,3154.26,3050.72,-,0.034
01/10/2019,3037.56,2983.69,3050.1,2855.94,-,0.0204
01/09/2019,2976.74,2909.01,3021.99,2891.85,-,0.0172
01/08/2019,2926.46,2980.32,3013.59,2822.12,-,-0.0181
01/07/2019,2980.38,2971.41,3027.98,2952.22,-,0.0131
01/06/2019,2941.76,2751.53,2964.15,2728.81,-,0.0689
01/05/2019,2752.06,2952.33,2954.13,2750.52,-,-0.0658
01/04/2019,2945.83,2848.63,2949.52,2848.63,-,0.0393
01/03/2019,2834.4,2798.22,2860.31,2722.27,-,0.0179
01/02/2019,2784.49,2702.32,2813.49,2681.83,-,0.0297
01/01/2019,2704.1,2476.96,2708.95,2443.96,-,0.0787
01/12/2018,2506.85,2790.5,2800.18,2346.58,-,-0.0918
01/11/2018,2760.17,2717.58,2815.15,2631.09,-,0.0179
01/10/2018,2711.74,2926.29,2939.86,2603.54,-,-0.0694
01/09/2018,2913.98,2896.96,2940.91,2864.12,-,0.0043
01/08/2018,2901.52,2821.17,2916.5,2796.34,-,0.0303
01/07/2018,2816.29,2704.95,2848.03,2698.95,-,0.036
01/06/2018,2718.37,2718.7,2791.47,2691.99,-,0.0048
01/05/2018,2705.27,2643.64,2742.24,2594.62,-,0.0216
01/04/2018,2648.05,2633.45,2717.49,2553.8,-,0.0027
01/03/2018,2640.87,2715.22,2801.9,2585.89,-,-0.0269
01/02/2018,2713.83,2816.45,2835.96,2532.69,-,-0.0389
01/01/2018,2823.81,2683.73,2872.87,2682.36,-,0.0562
01/12/2017,2673.61,2645.1,2694.97,2605.52,-,0.0098
01/11/2017,2647.58,2583.21,2657.74,2557.45,-,0.0281
01/10/2017,2575.26,2521.2,2582.98,2520.4,-,0.0222
01/09/2017,2519.36,2474.42,2519.44,2446.55,-,0.0193
01/08/2017,2471.65,2477.1,2490.87,2417.35,-,0.0005
01/07/2017,2470.3,2431.39,2484.04,2407.7,-,0.0193
01/06/2017,2423.41,2415.65,2453.82,2405.7,-,0.0048
01/05/2017,2411.8,2388.5,2418.71,2352.72,-,0.0116
01/04/2017,2384.2,2362.34,2398.16,2328.95,-,0.0091
01/03/2017,2362.72,2380.13,2400.98,2322.25,-,-0.0004
01/02/2017,2363.64,2285.59,2371.54,2271.65,-,0.0372
01/01/2017,2278.87,2251.57,2300.99,2245.13,-,0.0179
01/12/2016,2238.83,2200.17,2277.53,2187.44,-,0.0182
01/11/2016,2198.81,2128.68,2214.1,2083.79,-,0.0342
01/10/2016,2126.15,2164.33,2169.6,2114.72,-,-0.0194
01/09/2016,2168.27,2171.33,2187.87,2119.12,-,-0.0012
01/08/2016,2170.95,2173.15,2193.81,2147.58,-,-0.0012
01/07/2016,2173.6,2099.34,2177.09,2074.02,-,0.0356
01/06/2016,2098.86,2093.94,2120.55,1991.68,-,0.0009
01/05/2016,2096.96,2067.17,2103.48,2025.91,-,0.0153
01/04/2016,2065.3,2056.62,2111.05,2033.8,-,0.0027
01/03/2016,2059.74,1937.09,2072.21,1937.09,-,0.066
01/02/2016,1932.23,1936.94,1962.96,1810.1,-,-0.0041
01/01/2016,1940.24,2038.2,2038.2,1812.29,-,-0.0507
01/12/2015,2043.94,2082.93,2104.27,1993.26,-,-0.0175
01/11/2015,2080.41,2080.76,2116.48,2019.39,-,0.0005
01/10/2015,2079.36,1919.65,2094.32,1893.7,-,0.083
01/09/2015,1920.03,1970.09,2020.86,1871.91,-,-0.0264
01/08/2015,1972.18,2104.49,2112.66,1867.01,-,-0.0626
01/07/2015,2103.84,2067,2132.82,2044.02,-,0.0197
01/06/2015,2063.11,2108.64,2129.87,2056.32,-,-0.021
01/05/2015,2107.39,2087.38,2134.72,2067.93,-,0.0105
01/04/2015,2085.51,2067.63,2125.92,2048.38,-,0.0085
01/03/2015,2067.89,2105.23,2117.52,2039.69,-,-0.0174
01/02/2015,2104.5,1996.67,2119.59,1980.9,-,0.0549
01/01/2015,1994.99,2058.9,2072.36,1988.12,-,-0.031
01/12/2014,2058.9,2065.78,2093.55,1972.56,-,-0.0042
01/11/2014,2067.56,2018.21,2075.76,2001.01,-,0.0245
01/10/2014,2018.05,1971.44,2018.19,1820.66,-,0.0232
01/09/2014,1972.29,2004.07,2019.26,1964.04,-,-0.0155
01/08/2014,2003.37,1929.8,2005.04,1904.78,-,0.0377
01/07/2014,1930.67,1962.29,1991.39,1930.67,-,-0.0151
01/06/2014,1960.23,1923.87,1968.17,1915.98,-,0.0191
01/05/2014,1923.57,1884.39,1924.03,1859.79,-,0.021
01/04/2014,1883.95,1873.96,1897.28,1814.36,-,0.0062
01/03/2014,1872.34,1857.68,1883.97,1834.44,-,0.0069
01/02/2014,1859.45,1782.68,1867.92,1737.92,-,0.0431
01/01/2014,1782.59,1845.86,1850.84,1770.45,-,-0.0356
01/12/2013,1848.36,1806.55,1849.44,1767.99,-,0.0236
01/11/2013,1805.81,1758.7,1813.55,1746.2,-,0.028
01/10/2013,1756.54,1682.41,1775.22,1646.47,-,0.0446
01/09/2013,1681.55,1635.95,1729.86,1633.41,-,0.0297
01/08/2013,1632.97,1689.42,1709.67,1627.47,-,-0.0313
01/07/2013,1685.73,1609.78,1698.78,1604.57,-,0.0495
01/06/2013,1606.28,1631.71,1654.19,1560.33,-,-0.015
01/05/2013,1630.74,1597.55,1687.18,1581.28,-,0.0208
01/04/2013,1597.57,1569.18,1597.57,1536.03,-,0.0181
01/03/2013,1569.19,1514.68,1570.28,1501.48,-,0.036
01/02/2013,1514.68,1498.11,1530.94,1485.01,-,0.0111
01/01/2013,1498.11,1426.19,1509.94,1426.19,-,0.0504
01/12/2012,1426.19,1416.34,1448,1398.11,-,0.0071
01/11/2012,1416.18,1412.2,1434.27,1343.35,-,0.0028
01/10/2012,1412.16,1440.9,1470.96,1403.28,-,-0.0198
01/09/2012,1440.67,1406.54,1474.51,1396.56,-,0.0242
01/08/2012,1406.58,1379.32,1426.68,1354.65,-,0.0198
01/07/2012,1379.32,1362.33,1391.74,1325.41,-,0.0126
01/06/2012,1362.16,1309.87,1363.46,1266.74,-,0.0396
01/05/2012,1310.33,1397.86,1415.32,1291.98,-,-0.0627
01/04/2012,1397.91,1408.47,1422.38,1357.38,-,-0.0075
01/03/2012,1408.47,1365.9,1419.15,1340.03,-,0.0313
01/02/2012,1365.68,1312.45,1378.04,1312.45,-,0.0406
01/01/2012,1312.41,1258.86,1333.47,1258.86,-,0.0436
01/12/2011,1257.6,1246.91,1269.37,1202.37,-,0.0085
01/11/2011,1246.96,1251,1277.55,1158.66,-,-0.0051
01/10/2011,1253.3,1131.21,1292.66,1074.77,-,0.1077
01/09/2011,1131.42,1219.12,1229.29,1114.22,-,-0.0718
01/08/2011,1218.89,1292.59,1307.38,1101.54,-,-0.0568
01/07/2011,1292.28,1320.64,1356.48,1282.86,-,-0.0215
01/06/2011,1320.64,1345.2,1345.2,1258.07,-,-0.0183
01/05/2011,1345.2,1365.21,1370.58,1311.8,-,-0.0135
01/04/2011,1363.61,1329.48,1364.56,1294.7,-,0.0285
01/03/2011,1325.83,1328.64,1332.28,1249.05,-,-0.001
01/02/2011,1327.22,1289.14,1344.07,1289.14,-,0.032
01/01/2011,1286.12,1257.62,1302.67,1257.62,-,0.0226
01/12/2010,1257.64,1186.6,1262.6,1186.6,-,0.0653
01/11/2010,1180.55,1185.71,1227.08,1173,-,-0.0023
01/10/2010,1183.26,1143.49,1196.14,1131.87,-,0.0369
01/09/2010,1141.2,1049.72,1157.16,1049.72,-,0.0876
01/08/2010,1049.33,1107.53,1129.24,1039.7,-,-0.0474
01/07/2010,1101.6,1031.1,1120.95,1010.91,-,0.0688
01/06/2010,1030.71,1087.3,1131.23,1028.33,-,-0.0539
01/05/2010,1089.41,1188.58,1205.13,1040.78,-,-0.082
01/04/2010,1186.69,1171.23,1219.8,1170.69,-,0.0148
01/03/2010,1169.43,1105.36,1180.69,1105.36,-,0.0588
01/02/2010,1104.49,1073.89,1112.42,1044.5,-,0.0285
01/01/2010,1073.87,1116.56,1150.45,1071.59,-,-0.037
01/12/2009,1115.1,1098.89,1130.38,1085.89,-,0.0178
01/11/2009,1095.63,1036.18,1113.69,1029.38,-,0.0574
01/10/2009,1036.19,1054.91,1101.36,1019.95,-,-0.0198
01/09/2009,1057.08,1019.52,1080.15,991.97,-,0.0357
01/08/2009,1020.62,990.22,1039.47,978.51,-,0.0336
01/07/2009,987.48,920.82,996.68,869.32,-,0.0741
01/06/2009,919.32,923.26,956.23,888.86,-,0.0002
01/05/2009,919.14,872.74,930.17,866.1,-,0.0531
01/04/2009,872.81,793.59,888.7,783.32,-,0.0939
01/03/2009,797.87,729.57,832.98,666.79,-,0.0854
01/02/2009,735.09,823.09,875.01,734.52,-,-0.1099
01/01/2009,825.88,902.99,943.85,804.3,-,-0.0857
01/12/2008,903.25,888.61,918.85,815.69,-,0.0078
01/11/2008,896.24,968.67,1007.51,741.02,-,-0.0748
01/10/2008,968.75,1164.17,1167.03,839.8,-,-0.1694
01/09/2008,1166.36,1287.83,1303.04,1106.39,-,-0.0908
01/08/2008,1282.83,1269.42,1313.15,1247.45,-,0.0122
01/07/2008,1267.38,1276.69,1292.17,1200.44,-,-0.0099
01/06/2008,1280,1399.62,1404.05,1272,-,-0.086
01/05/2008,1400.38,1385.97,1440.24,1373.07,-,0.0107
01/04/2008,1385.59,1326.41,1404.57,1324.35,-,0.0475
01/03/2008,1322.7,1330.45,1359.68,1256.98,-,-0.006
01/02/2008,1330.63,1378.6,1396.02,1316.75,-,-0.0348
01/01/2008,1378.55,1467.97,1471.77,1270.05,-,-0.0612
01/12/2007,1468.36,1479.63,1523.57,1435.65,-,-0.0086
01/11/2007,1481.14,1545.79,1545.79,1406.1,-,-0.044
01/10/2007,1549.38,1527.29,1576.09,1489.56,-,0.0148
01/09/2007,1526.75,1473.96,1538.74,1439.29,-,0.0358
01/08/2007,1473.99,1455.18,1503.89,1370.6,-,0.0129
01/07/2007,1455.27,1504.66,1555.9,1454.25,-,-0.032
01/06/2007,1503.35,1530.62,1540.56,1484.18,-,-0.0178
01/05/2007,1530.62,1482.37,1535.56,1476.7,-,0.0325
01/04/2007,1482.37,1420.83,1498.02,1416.37,-,0.0433
01/03/2007,1420.86,1406.8,1438.89,1363.98,-,0.01
01/02/2007,1406.82,1437.9,1461.57,1389.42,-,-0.0218
01/01/2007,1438.24,1418.03,1441.61,1403.97,-,0.0141
01/12/2006,1418.3,1400.63,1431.81,1385.93,-,0.0126
01/11/2006,1400.63,1377.76,1407.89,1360.98,-,0.0165
01/10/2006,1377.94,1335.82,1389.45,1327.1,-,0.0315
01/09/2006,1335.85,1303.8,1340.28,1290.93,-,0.0246
01/08/2006,1303.82,1278.53,1306.74,1261.3,-,0.0213
01/07/2006,1276.66,1270.06,1280.42,1224.54,-,0.0051
01/06/2006,1270.2,1270.05,1290.68,1219.29,-,0.0001
01/05/2006,1270.09,1310.61,1326.7,1245.34,-,-0.0309
01/04/2006,1310.61,1302.88,1318.16,1280.74,-,0.0122
01/03/2006,1294.83,1280.66,1310.88,1268.42,-,0.0111
01/02/2006,1280.66,1280.08,1297.57,1253.61,-,0.0005
01/01/2006,1280.08,1248.29,1294.9,1245.74,-,0.0255
01/12/2005,1248.29,1249.48,1275.8,1246.59,-,-0.001
01/11/2005,1249.48,1207.01,1270.64,1201.07,-,0.0352
01/10/2005,1207.01,1228.81,1233.34,1168.2,-,-0.0177
01/09/2005,1228.81,1220.33,1243.13,1205.35,-,0.0069
01/08/2005,1220.33,1234.18,1245.86,1201.07,-,-0.0112
01/07/2005,1234.18,1191.33,1245.15,1183.55,-,0.036
01/06/2005,1191.33,1191.5,1219.59,1188.3,-,-0.0001
01/05/2005,1191.5,1156.85,1199.56,1146.18,-,0.03
01/04/2005,1156.85,1180.59,1191.88,1136.15,-,-0.0201
01/03/2005,1180.59,1203.6,1229.11,1163.69,-,-0.0191
01/02/2005,1203.6,1181.27,1212.44,1180.95,-,0.0189
01/01/2005,1181.27,1211.92,1217.9,1163.75,-,-0.0253
01/12/2004,1211.92,1173.78,1217.33,1173.76,-,0.0325
01/11/2004,1173.82,1130.2,1188.46,1127.53,-,0.0386
01/10/2004,1130.2,1114.58,1142.05,1090.19,-,0.014
01/09/2004,1114.58,1104.24,1131.54,1099.11,-,0.0094
01/08/2004,1104.24,1101.72,1109.68,1060.72,-,0.0023
01/07/2004,1101.72,1140.84,1140.84,1078.78,-,-0.0343
01/06/2004,1140.84,1120.68,1146.34,1113.32,-,0.018
01/05/2004,1120.68,1107.3,1127.74,1076.32,-,0.0121
01/04/2004,1107.3,1126.21,1150.57,1107.23,-,-0.0168
01/03/2004,1126.21,1144.94,1163.23,1087.06,-,-0.0164
01/02/2004,1144.94,1131.13,1158.98,1124.44,-,0.0122
01/01/2004,1131.13,1111.92,1155.38,1105.08,-,0.0173
01/12/2003,1111.92,1058.2,1112.56,1053.41,-,0.0508
01/11/2003,1058.2,1050.71,1063.65,1031.2,-,0.0071
01/10/2003,1050.71,995.97,1053.79,995.97,-,0.055
01/09/2003,995.97,1008.01,1040.29,990.36,-,-0.0119
01/08/2003,1008.01,990.31,1011.01,960.84,-,0.0148
01/07/2003,993.32,974.5,1015.41,962.1,-,0.0193
01/06/2003,974.5,963.59,1015.33,963.59,-,0.0113
01/05/2003,963.59,916.92,965.38,902.83,-,0.0509
01/04/2003,916.92,848.18,924.24,847.85,-,0.081
01/03/2003,848.18,841.15,895.9,788.9,-,0.0084
01/02/2003,841.15,855.7,864.64,806.29,-,-0.017
01/01/2003,855.7,879.82,935.05,840.34,-,-0.0274
01/12/2002,879.82,936.31,954.28,869.45,-,-0.0603
01/11/2002,936.31,885.76,941.82,872.05,-,0.0571
01/10/2002,885.76,815.28,907.44,768.63,-,0.0864
01/09/2002,815.28,916.07,924.02,800.2,-,-0.11
01/08/2002,916.07,911.62,965,833.44,-,0.0049
01/07/2002,911.62,989.82,994.46,775.68,-,-0.079
01/06/2002,989.82,1067.14,1070.74,952.92,-,-0.0725
01/05/2002,1067.14,1076.92,1106.59,1048.96,-,-0.0091
01/04/2002,1076.92,1147.39,1147.84,1063.46,-,-0.0614
01/03/2002,1147.39,1106.73,1173.94,1106.73,-,0.0367
01/02/2002,1106.73,1130.2,1130.2,1074.36,-,-0.0208
01/01/2002,1130.2,1148.08,1176.97,1081.66,-,-0.0156
01/12/2001,1148.08,1139.45,1173.62,1114.53,-,0.0076
01/11/2001,1139.45,1059.78,1163.38,1054.31,-,0.0752
01/10/2001,1059.78,1040.94,1110.61,1026.76,-,0.0181
01/09/2001,1040.94,1133.58,1155.4,944.75,-,-0.0817
01/08/2001,1133.58,1211.23,1226.27,1124.87,-,-0.0641
01/07/2001,1211.23,1224.42,1239.78,1165.54,-,-0.0107
01/06/2001,1224.38,1255.82,1286.62,1203.03,-,-0.025
01/05/2001,1255.82,1249.46,1315.93,1232,-,0.0051
01/04/2001,1249.46,1160.33,1269.3,1091.99,-,0.0768
01/03/2001,1160.33,1239.94,1267.42,1081.19,-,-0.0642
01/02/2001,1239.94,1366.01,1376.38,1215.44,-,-0.0923
01/01/2001,1366.01,1320.28,1383.37,1274.62,-,0.0346
01/12/2000,1320.28,1314.95,1389.05,1254.07,-,0.0041
01/11/2000,1314.95,1429.4,1438.46,1294.9,-,-0.0801
01/10/2000,1429.4,1436.52,1454.82,1305.79,-,-0.0049
01/09/2000,1436.51,1517.68,1530.09,1419.44,-,-0.0535
01/08/2000,1517.68,1430.83,1525.21,1425.43,-,0.0607
01/07/2000,1430.83,1454.6,1517.32,1413.89,-,-0.0163
01/06/2000,1454.6,1420.6,1488.93,1420.6,-,0.0239
01/05/2000,1420.6,1452.43,1481.51,1361.09,-,-0.0219
01/04/2000,1452.43,1498.58,1527.19,1339.4,-,-0.0308
01/03/2000,1498.58,1366.42,1552.87,1346.62,-,0.0967
01/02/2000,1366.42,1394.46,1444.55,1325.07,-,-0.0201
01/01/2000,1394.46,1469.25,1478,1350.14,-,-0.0509
01/12/1999,1469.25,1388.91,1473.1,1387.38,-,0.0578
01/11/1999,1388.91,1362.93,1425.31,1346.41,-,0.0191
01/10/1999,1362.93,1282.71,1373.17,1233.7,-,0.0625
01/09/1999,1282.71,1320.41,1361.39,1256.26,-,-0.0286
01/08/1999,1320.41,1328.72,1382.84,1267.73,-,-0.0063
01/07/1999,1328.72,1372.71,1420.33,1328.49,-,-0.032
01/06/1999,1372.71,1301.84,1372.93,1277.47,-,0.0544
01/05/1999,1301.84,1335.18,1375.98,1277.31,-,-0.025
01/04/1999,1335.18,1286.37,1371.56,1282.56,-,0.0379
01/03/1999,1286.37,1238.33,1323.82,1216.03,-,0.0388
01/02/1999,1238.33,1279.64,1283.84,1211.89,-,-0.0323
01/01/1999,1279.64,1229.23,1280.37,1205.46,-,0.041
01/12/1998,1229.23,1163.63,1244.93,1136.89,-,0.0564
01/11/1998,1163.63,1098.67,1192.97,1098.67,-,0.0591
01/10/1998,1098.67,1017.01,1103.78,923.32,-,0.0803
01/09/1998,1017.01,957.28,1066.11,939.98,-,0.0624
01/08/1998,957.28,1120.67,1121.79,957.28,-,-0.1458
01/07/1998,1120.67,1133.84,1190.58,1114.3,-,-0.0116
01/06/1998,1133.84,1090.82,1145.15,1074.67,-,0.0394
01/05/1998,1090.82,1111.75,1130.52,1074.39,-,-0.0188
01/04/1998,1111.75,1101.75,1132.98,1076.7,-,0.0091
01/03/1998,1101.75,1049.34,1113.07,1030.87,-,0.0499
01/02/1998,1049.34,980.28,1051.66,980.28,-,0.0704
01/01/1998,980.28,970.43,992.65,912.83,-,0.0102
01/12/1997,970.43,955.4,986.25,924.92,-,0.0157
01/11/1997,955.4,914.62,964.55,900.61,-,0.0446
01/10/1997,914.62,947.28,983.12,855.27,-,-0.0345
01/09/1997,947.28,899.47,960.59,899.47,-,0.0532
01/08/1997,899.47,954.29,964.17,893.34,-,-0.0575
01/07/1997,954.31,885.14,957.73,884.54,-,0.0781
01/06/1997,885.14,848.28,902.09,838.82,-,0.0435
01/05/1997,848.28,801.34,851.87,793.21,-,0.0586
01/04/1997,801.34,757.12,804.13,733.54,-,0.0584
01/03/1997,757.12,790.82,814.9,756.13,-,-0.0426
01/02/1997,790.82,786.16,817.68,773.43,-,0.0059
01/01/1997,786.16,740.74,794.67,729.55,-,0.0613
01/12/1996,740.74,757.02,761.75,716.69,-,-0.0215
01/11/1996,757.02,705.27,762.12,701.3,-,0.0734
01/10/1996,705.27,687.31,714.1,684.44,-,0.0261
01/09/1996,687.33,651.99,690.88,643.97,-,0.0542
01/08/1996,651.99,639.95,670.68,639.49,-,0.0188
01/07/1996,639.95,670.63,675.88,605.88,-,-0.0457
01/06/1996,670.63,669.12,680.32,658.75,-,0.0023
01/05/1996,669.12,654.17,681.1,630.07,-,0.0229
01/04/1996,654.17,645.5,656.68,624.14,-,0.0134
01/03/1996,645.5,640.43,656.97,627.63,-,0.0079
01/02/1996,640.43,636.02,664.23,633.71,-,0.0069
01/01/1996,636.02,615.93,636.18,597.29,-,0.0326
01/12/1995,615.93,605.37,622.88,605.05,-,0.0174
01/11/1995,605.37,581.5,608.69,581.04,-,0.041
01/10/1995,581.5,584.41,590.66,571.55,-,-0.005
01/09/1995,584.41,561.88,587.61,561.01,-,0.0401
01/08/1995,561.88,562.06,565.62,553.04,-,-0.0003
01/07/1995,562.06,544.75,565.4,542.51,-,0.0318
01/06/1995,544.75,533.4,551.07,526,-,0.0213
01/05/1995,533.4,514.76,533.41,513.03,-,0.0363
01/04/1995,514.71,500.7,515.29,500.2,-,0.028
01/03/1995,500.71,487.39,508.15,479.7,-,0.0273
01/02/1995,487.39,470.42,489.19,469.29,-,0.0361
01/01/1995,470.42,459.21,471.36,457.2,-,0.0243
01/12/1994,459.27,453.55,462.73,442.88,-,0.0123
01/11/1994,453.69,472.26,472.26,444.18,-,-0.0395
01/10/1994,472.35,462.69,474.74,449.27,-,0.0208
01/09/1994,462.71,475.49,475.49,458.47,-,-0.0269
01/08/1994,475.49,458.28,477.59,456.08,-,0.0376
01/07/1994,458.26,444.27,459.33,443.58,-,0.0315
01/06/1994,444.27,456.5,463.23,439.83,-,-0.0268
01/05/1994,456.5,450.91,457.77,440.78,-,0.0124
01/04/1994,450.91,445.66,452.79,435.86,-,0.0115
01/03/1994,445.77,467.19,471.09,436.16,-,-0.0457
01/02/1994,467.14,481.6,482.23,464.26,-,-0.03
01/01/1994,481.61,466.51,482.85,464.36,-,0.0325
01/12/1993,466.45,461.93,471.29,461.45,-,0.0101
01/11/1993,461.79,467.83,469.11,454.36,-,-0.0129
01/10/1993,467.83,458.93,471.1,456.4,-,0.0194
01/09/1993,458.93,463.55,463.8,449.64,-,-0.01
01/08/1993,463.56,448.13,463.56,446.94,-,0.0344
01/07/1993,448.13,450.54,451.15,441.4,-,-0.0053
01/06/1993,450.53,450.23,455.63,442.5,-,0.0008
01/05/1993,450.19,440.19,454.55,436.86,-,0.0227
01/04/1993,440.19,451.67,452.63,432.3,-,-0.0254
01/03/1993,451.67,443.38,456.76,441.07,-,0.0187
01/02/1993,443.38,438.78,450.04,428.25,-,0.0105
01/01/1993,438.78,435.7,442.66,426.88,-,0.007
01/12/1992,435.71,431.35,442.65,428.61,-,0.0101
01/11/1992,431.35,418.66,431.93,415.58,-,0.0303
01/10/1992,418.68,417.8,421.16,396.8,-,0.0021
01/09/1992,417.8,414.03,425.27,412.71,-,0.0091
01/08/1992,414.03,424.19,425.14,408.3,-,-0.024
01/07/1992,424.21,408.2,424.8,407.2,-,0.0394
01/06/1992,408.14,415.35,417.3,399.92,-,-0.0174
01/05/1992,415.35,414.95,418.75,409.85,-,0.001
01/04/1992,414.95,403.67,416.28,392.41,-,0.0279
01/03/1992,403.69,412.68,413.78,401.94,-,-0.0218
01/02/1992,412.7,408.79,418.08,406.34,-,0.0096
01/01/1992,408.78,417.03,421.18,408.64,-,-0.0199
01/12/1991,417.09,375.11,418.32,371.36,-,0.1116
01/11/1991,375.22,392.46,398.22,371.63,-,-0.0439
01/10/1991,392.45,387.86,393.81,376.11,-,0.0118
01/09/1991,387.86,395.43,397.62,382.77,-,-0.0191
01/08/1991,395.43,387.81,396.82,374.09,-,0.0196
01/07/1991,387.81,371.18,387.81,370.92,-,0.0449
01/06/1991,371.16,389.81,389.81,367.98,-,-0.0479
01/05/1991,389.83,375.35,389.85,365.83,-,0.0386
01/04/1991,375.34,375.22,391.26,370.27,-,0.0003
01/03/1991,375.22,367.07,379.66,363.73,-,0.0222
01/02/1991,367.07,343.91,370.96,340.37,-,0.0673
01/01/1991,343.93,330.2,343.93,309.35,-,0.0415
01/12/1990,330.22,322.23,333.98,321.97,-,0.0248
01/11/1990,322.22,303.99,323.02,301.61,-,0.0599
01/10/1990,304,306.1,319.69,294.51,-,-0.0067
01/09/1990,306.05,322.56,326.53,295.98,-,-0.0512
01/08/1990,322.56,356.15,357.35,306.18,-,-0.0943
01/07/1990,356.15,358.02,369.78,350.09,-,-0.0052
01/06/1990,358.02,361.26,368.78,351.23,-,-0.0089
01/05/1990,361.23,330.8,362.26,330.8,-,0.092
01/04/1990,330.8,339.94,347.3,327.76,-,-0.0269
01/03/1990,339.94,331.89,344.49,331.08,-,0.0243
01/02/1990,331.89,329.08,336.09,322.1,-,0.0085
01/01/1990,329.08,353.4,360.59,319.83,-,-0.0688
01/12/1989,353.4,346.01,354.1,339.63,-,0.0214
01/11/1989,345.99,340.36,346.5,330.91,-,0.0165
01/10/1989,340.36,349.15,360.44,327.12,-,-0.0252
01/09/1989,349.15,351.45,354.13,341.37,-,-0.0065
01/08/1989,351.45,346.08,352.73,339,-,0.0155
01/07/1989,346.08,317.98,346.08,317.26,-,0.0884
01/06/1989,317.98,320.51,329.19,314.38,-,-0.0079
01/05/1989,320.52,309.64,323.06,304.06,-,0.0351
01/04/1989,309.64,294.87,310.45,294.35,-,0.0501
01/03/1989,294.87,288.86,299.99,286.46,-,0.0208
01/02/1989,288.86,297.47,300.57,286.26,-,-0.0289
01/01/1989,297.47,277.72,297.51,273.81,-,0.0711
01/12/1988,277.72,273.68,280.45,270.47,-,0.0147
01/11/1988,273.7,278.97,280.37,262.85,-,-0.0189
01/10/1988,278.97,271.89,283.95,268.84,-,0.026
01/09/1988,271.91,261.52,274.87,256.98,-,0.0397
01/08/1988,261.52,272.03,274.2,256.53,-,-0.0386
01/07/1988,272.02,273.5,276.36,262.48,-,-0.0054
01/06/1988,273.5,262.16,276.88,262.1,-,0.0433
01/05/1988,262.16,261.36,263.7,248.85,-,0.0032
01/04/1988,261.33,258.89,272.05,254.71,-,0.0094
01/03/1988,258.89,267.82,272.64,256.07,-,-0.0333
01/02/1988,267.82,257.05,267.82,247.82,-,0.0418
01/01/1988,257.07,247.1,261.78,240.17,-,0.0404
01/12/1987,247.08,230.32,253.35,221.24,-,0.0729
01/11/1987,230.3,251.73,257.21,225.75,-,-0.0853
01/10/1987,251.79,321.83,328.94,216.46,-,-0.2176
01/09/1987,321.83,329.81,332.18,308.56,-,-0.0242
01/08/1987,329.8,318.62,337.89,314.51,-,0.035
01/07/1987,318.66,303.99,318.85,302.53,-,0.0482
01/06/1987,304,290.12,310.27,286.93,-,0.0479
01/05/1987,290.1,286.99,298.69,277.01,-,0.006
01/04/1987,288.36,291.59,303.65,275.67,-,-0.0115
01/03/1987,291.7,284.17,302.72,282.3,-,0.0264
01/02/1987,284.2,274.08,287.55,273.16,-,0.0369
01/01/1987,274.08,242.17,280.96,242.17,-,0.1318
01/12/1986,242.17,249.22,254.87,241.28,-,-0.0283
01/11/1986,249.22,243.97,249.22,235.51,-,0.0215
01/10/1986,243.98,231.32,244.51,231.32,-,0.0547
01/09/1986,231.32,252.93,254.13,228.08,-,-0.0854
01/08/1986,252.93,236.12,254.24,231.92,-,0.0712
01/07/1986,236.12,250.67,253.2,233.07,-,-0.0587
01/06/1986,250.84,246.04,251.81,238.23,-,0.0141
01/05/1986,247.35,235.52,249.19,232.26,-,0.0502
01/04/1986,235.52,238.9,245.47,226.3,-,-0.0141
01/03/1986,238.9,226.92,240.11,222.18,-,0.0528
01/02/1986,226.92,211.78,227.92,210.82,-,0.0715
01/01/1986,211.78,211.28,214.57,202.6,-,0.0024
01/12/1985,211.28,202.17,213.08,200.1,-,0.0451
01/11/1985,202.17,189.82,203.4,189.37,-,0.0651
01/10/1985,189.82,182.06,190.15,181.16,-,0.0425
01/09/1985,182.08,188.63,188.8,179.45,-,-0.0347
01/08/1985,188.63,190.92,192.17,186.1,-,-0.012
01/07/1985,190.92,191.85,196.07,189.3,-,-0.0048
01/06/1985,191.85,189.55,191.85,185.03,-,0.0121
01/05/1985,189.55,179.83,189.98,178.35,-,0.0541
01/04/1985,179.83,180.66,183.61,177.86,-,-0.0046
01/03/1985,180.66,181.18,183.89,176.53,-,-0.0029
01/02/1985,181.18,179.63,183.95,177.75,-,0.0086
01/01/1985,179.63,167.2,180.27,163.36,-,0.0741
01/12/1984,167.24,163.58,169.03,161.54,-,0.0224
01/11/1984,163.58,166.09,170.41,162.99,-,-0.0151
01/10/1984,166.09,166.1,169.62,160.02,-,-0.0001
01/09/1984,166.1,166.68,169.65,163.06,-,-0.0035
01/08/1984,166.68,150.66,168.8,150.66,-,0.1063
01/07/1984,150.66,153.16,153.87,147.26,-,-0.0165
01/06/1984,153.18,150.55,155.64,148.53,-,0.0175
01/05/1984,150.55,160.05,162.11,148.68,-,-0.0594
01/04/1984,160.05,159.18,160.69,154.12,-,0.0055
01/03/1984,159.18,157.06,160.46,153.77,-,0.0135
01/02/1984,157.06,163.41,164,152.13,-,-0.0389
01/01/1984,163.41,164.93,169.54,162.03,-,-0.0092
01/12/1983,164.93,166.37,166.77,161.58,-,-0.0088
01/11/1983,166.4,163.55,168.07,161.63,-,0.0174
01/10/1983,163.55,165.99,172.65,162.86,-,-0.0152
01/09/1983,166.07,164.4,170.41,163.95,-,0.0102
01/08/1983,164.4,162.34,165.91,158.5,-,0.0113
01/07/1983,162.56,168.11,170.72,161.5,-,-0.0303
01/06/1983,167.64,162.38,171.6,160.8,-,0.0323
01/05/1983,162.39,164.41,166.99,160.29,-,-0.0124
01/04/1983,164.43,152.92,164.43,150.17,-,0.075
01/03/1983,152.96,148.07,155.02,148.07,-,0.0331
01/02/1983,148.06,145.29,150.88,141.9,-,0.019
01/01/1983,145.3,140.65,148.36,138.08,-,0.0331
01/12/1982,140.64,138.56,143.68,134.79,-,0.0152
01/11/1982,138.53,133.72,144.36,132.89,-,0.036
01/10/1982,133.72,120.4,140.4,120.15,-,0.1104
01/09/1982,120.42,119.52,126.43,117.84,-,0.0076
01/08/1982,119.51,107.71,120.26,102.2,-,0.116
01/07/1982,107.09,109.52,112.39,105.57,-,-0.023
01/06/1982,109.61,111.97,112.48,107.01,-,-0.0203
01/05/1982,111.88,115.96,119.92,111.66,-,-0.0392
01/04/1982,116.44,111.96,119.33,111.48,-,0.04
01/03/1982,111.96,113.11,114.8,104.46,-,-0.0102
01/02/1982,113.11,119.81,119.81,110.03,-,-0.0605
01/01/1982,120.4,122.55,123.72,113.63,-,-0.0175
01/12/1981,122.55,126.35,127.32,121.04,-,-0.0301
01/11/1981,126.35,122.35,126.97,119.13,-,0.0366
01/10/1981,121.89,116.18,123.28,115,-,0.0491
01/09/1981,116.18,122.79,124.58,110.19,-,-0.0538
01/08/1981,122.79,130.92,135.18,122.29,-,-0.0621
01/07/1981,130.92,130.01,131.78,125.96,-,-0.0022
01/06/1981,131.21,132.59,135.67,128.77,-,-0.0104
01/05/1981,132.59,132.81,134.92,128.78,-,-0.0017
01/04/1981,132.81,136,137.72,131.58,-,-0.0235
01/03/1981,136,131.27,138.38,128.56,-,0.036
01/02/1981,131.27,129.48,132.02,124.66,-,0.0133
01/01/1981,129.55,135.76,140.32,128.57,-,-0.0457
01/12/1980,135.76,140.52,140.66,125.32,-,-0.0339
01/11/1980,140.52,127.47,141.96,127.23,-,0.1024
01/10/1980,127.47,125.46,135.88,124.66,-,0.016
01/09/1980,125.46,122.38,132.17,121.79,-,0.0252
01/08/1980,122.38,121.67,127.78,119.42,-,0.0058
01/07/1980,121.67,114.24,123.93,113.54,-,0.065
01/06/1980,114.24,111.24,117.98,109.77,-,0.027
01/05/1980,111.24,106.29,112.72,103.5,-,0.0466
01/04/1980,106.29,102.09,106.79,98.95,-,0.0411
01/03/1980,102.09,113.66,114.34,94.23,-,-0.1018
01/02/1980,113.66,114.16,120.22,111.33,-,-0.0044
01/01/1980,114.16,107.94,117.17,103.26,-,0.0576
01/12/1979,107.94,106.16,110.33,105.07,-,0.0168
01/11/1979,106.16,101.82,107.89,99.42,-,0.0426
01/10/1979,101.82,109.19,112.16,99.06,-,-0.0686
01/09/1979,109.32,109.32,111.58,105.38,-,0
01/08/1979,109.32,103.81,109.84,103.14,-,0.0531
01/07/1979,103.81,102.91,105.17,100.35,-,0.0087
01/06/1979,102.91,99.08,103.67,98.57,-,0.0387
01/05/1979,99.08,101.76,102.57,97.49,-,-0.0263
01/04/1979,101.76,101.56,103.95,100.14,-,0.0017
01/03/1979,101.59,96.28,103.31,95.98,-,0.0552
01/02/1979,96.28,99.93,100.52,95.38,-,-0.0365
01/01/1979,99.93,96.11,102.59,95.22,-,0.0397
01/12/1978,96.11,95.01,98.58,92.64,-,0.0149
01/11/1978,94.7,94.13,97.41,91.77,-,0.0166
01/10/1978,93.15,102.54,106.23,91.65,-,-0.0916
01/09/1978,102.54,103.29,108.05,100.66,-,-0.0073
01/08/1978,103.29,100.68,106.27,99.95,-,0.0259
01/07/1978,100.68,95.53,101.18,93.59,-,0.0539
01/06/1978,95.53,97.24,101.84,93.99,-,-0.0176
01/05/1978,97.24,96.83,100.32,94.57,-,0.0042
01/04/1978,96.83,89.2,97.91,88.07,-,0.0854
01/03/1978,89.21,87.04,91.35,86.45,-,0.0249
01/02/1978,87.04,89.25,91.32,86.58,-,-0.0248
01/01/1978,89.25,95.1,95.15,88.02,-,-0.0615
01/12/1977,95.1,94.83,95.67,91.76,-,0.0028
01/11/1977,94.83,92.19,97.11,90.01,-,0.027
01/10/1977,92.34,96.53,97.27,90.2,-,-0.0434
01/09/1977,96.53,96.77,98.43,94.44,-,-0.0025
01/08/1977,96.77,98.85,99.84,95.04,-,-0.021
01/07/1977,98.85,100.48,102.57,97.71,-,-0.0162
01/06/1977,100.48,96.12,101.65,95.89,-,0.0454
01/05/1977,96.12,98.44,100.93,95.52,-,-0.0236
01/04/1977,98.44,98.42,102.07,96.53,-,0.0002
01/03/1977,98.42,99.82,102.7,97.8,-,-0.014
01/02/1977,99.82,102.03,103.32,98.82,-,-0.0217
01/01/1977,102.03,107.46,107.97,100.91,-,-0.0505
01/12/1976,107.46,102.1,107.82,101.62,-,0.0525
01/11/1976,102.1,102.9,103.78,98.18,-,-0.0078
01/10/1976,102.9,105.24,105.75,99.21,-,-0.0222
01/09/1976,105.24,102.91,108.72,102.6,-,0.0226
01/08/1976,102.91,103.44,105.41,100.43,-,-0.0051
01/07/1976,103.44,104.28,106.78,102.31,-,-0.0081
01/06/1976,104.28,100.18,105.07,97.97,-,0.0409
01/05/1976,100.18,101.64,103.99,98.26,-,-0.0144
01/04/1976,101.64,102.77,104.63,99.57,-,-0.011
01/03/1976,102.77,99.71,104.39,98.23,-,0.0307
01/02/1976,99.71,100.86,103.07,98.5,-,-0.0114
01/01/1976,100.86,100.11,101.99,89.81,-,0.1183
01/12/1975,90.19,91.24,91.9,86.15,-,-0.0115
01/11/1975,91.24,89.04,92.33,87.63,-,0.0247
01/10/1975,89.04,83.87,91.75,82.57,-,0.0616
01/09/1975,83.87,86.88,87.42,81.57,-,-0.0346
01/08/1975,86.88,88.75,89.04,82.21,-,-0.0211
01/07/1975,88.75,95.19,96.58,87.68,-,-0.0677
01/06/1975,95.19,91.32,95.85,89.3,-,0.0443
01/05/1975,91.15,87.3,93.51,86.94,-,0.0441
01/04/1975,87.3,83.36,88.79,79.66,-,0.0473
01/03/1975,83.36,81.59,87.08,80.08,-,0.0217
01/02/1975,81.59,76.98,83.56,76,-,0.0599
01/01/1975,76.98,68.65,78.69,68.65,-,0.1228
01/12/1974,68.56,69.8,69.8,64.13,-,-0.0202
01/11/1974,69.97,73.9,77.41,66.85,-,-0.0532
01/10/1974,73.9,63.54,75.9,60.96,-,0.163
01/09/1974,63.54,72.15,73.01,62.52,-,-0.1193
01/08/1974,72.15,79.31,83.53,69.37,-,-0.0903
01/07/1974,79.31,86,86.89,78.96,-,-0.0778
01/06/1974,86,87.28,93.76,85.13,-,-0.0147
01/05/1974,87.28,90.31,93.59,85.87,-,-0.0336
01/04/1974,90.31,93.98,95.42,88.62,-,-0.0391
01/03/1974,93.98,96.22,101.05,93.44,-,-0.0233
01/02/1974,96.22,96.57,97.43,89.53,-,-0.0036
01/01/1974,96.57,97.55,100.94,91.62,-,-0.01
01/12/1973,97.55,95.83,99.09,91.05,-,0.0166
01/11/1973,95.96,108.29,109.2,94.88,-,-0.1139
01/10/1973,108.29,108.43,112.82,107.08,-,-0.0013
01/09/1973,108.43,104.25,110.45,102.13,-,0.0401
01/08/1973,104.25,108.17,108.17,99.74,-,-0.0367
01/07/1973,108.22,104.1,111.04,100.44,-,0.038
01/06/1973,104.26,104.95,109.52,101.45,-,-0.0066
01/05/1973,104.95,106.97,112.25,101.36,-,-0.0189
01/04/1973,106.97,111.52,113.65,105.44,-,-0.0408
01/03/1973,111.52,111.68,115.61,107.41,-,-0.0014
01/02/1973,111.68,116.03,118.98,109.8,-,-0.0375
01/01/1973,116.03,118.06,121.74,114.97,-,-0.0171
01/12/1972,118.05,116.67,119.79,114.63,-,0.0118
01/11/1972,116.67,111.58,117.91,111.32,-,0.0456
01/10/1972,111.58,110.55,112.26,106.27,-,0.0093
01/09/1972,110.55,111.09,112.12,107.35,-,-0.0049
01/08/1972,111.09,107.39,113.45,107.06,-,0.0345
01/07/1972,107.39,107.14,110.27,104.43,-,0.0023
01/06/1972,107.14,109.53,110.51,105.94,-,-0.0218
01/05/1972,109.53,107.67,111.48,103.83,-,0.0173
01/04/1972,107.67,107.2,111.11,106.18,-,0.0044
01/03/1972,107.2,106.57,109.75,105.86,-,0.0059
01/02/1972,106.57,103.94,107.16,103.1,-,0.0253
01/01/1972,103.94,102.09,105,100.87,-,0.0181
01/12/1971,102.09,93.99,102.21,93.95,-,0.0862
01/11/1971,93.99,94.23,96.08,89.34,-,-0.0025
01/10/1971,94.23,98.34,100.96,92.96,-,-0.0418
01/09/1971,98.34,99.03,102.25,96.97,-,-0.007
01/08/1971,99.03,95.58,101.51,92.81,-,0.0361
01/07/1971,95.58,99.16,101.52,95.08,-,-0.0316
01/06/1971,98.7,99.63,102.07,96.92,-,-0.0093
01/05/1971,99.63,103.95,104.42,98.68,-,-0.0416
01/04/1971,103.95,100.31,105.6,99.63,-,0.0363
01/03/1971,100.31,96.75,102.03,96.11,-,0.0368
01/02/1971,96.75,95.88,99.59,94.92,-,0.0091
01/01/1971,95.88,92.15,96.49,90.64,-,0.0405
01/12/1970,92.15,87.2,92.99,86.11,-,0.0568
01/11/1970,87.2,83.25,87.6,82.23,-,0.0474
01/10/1970,83.25,84.3,87.75,82.29,-,-0.0125
01/09/1970,84.3,81.52,84.99,79.95,-,0.0341
01/08/1970,81.52,78.05,82.47,74.13,-,0.0445
01/07/1970,78.05,78.07,79.03,70.69,-,0.0733
01/06/1970,72.72,76.55,79.96,72.25,-,-0.05
01/05/1970,76.55,81.52,82.32,68.61,-,-0.061
01/04/1970,81.52,89.63,90.7,79.31,-,-0.0905
01/03/1970,89.63,89.5,91.07,86.19,-,0.0015
01/02/1970,89.5,85.02,90.33,84.64,-,0.0527
